[
    {
        "condition": "any_of",
        "terms": [
            {
                "condition": "entity_properties",
                "entity": "this",
                "predicate": {
                    "type": "#specmobs:2",
                    "nbt": "{Tags:[\"specmobs_throw\"]}"
                }
            },
            {
                "condition": "entity_properties",
                "entity": "this",
                "predicate": {
                    "type": "item",
                    "nbt": "{Tags:[\"specmobs_silverfish\"]}"
                }
            },
            {
                "condition": "entity_properties",
                "entity": "this",
                "predicate": {
                    "type": "item",
                    "nbt": "{Tags:[\"specmobs_throw_silverfish\"]}"
                }
            },
            {
                "condition": "entity_properties",
                "entity": "this",
                "predicate": {
                    "type": "item",
                    "nbt": "{Item:{tag:{specmobs_silverfish:1b}}}"
                }
            },
            {
                "condition": "entity_properties",
                "entity": "this",
                "predicate": {
                    "type": "shulker_bullet",
                    "nbt": "{Tags:[\"specmobs_wizard\"]}"
                }
            },
            {
                "condition": "entity_properties",
                "entity": "this",
                "predicate": {
                    "type": "small_fireball",
                    "nbt": "{Tags:[\"specmobs_burst_blaze3\"]}"
                }
            },
            {
                "condition": "entity_properties",
                "entity": "this",
                "predicate": {
                    "type": "area_effect_cloud",
                    "nbt": "{Tags:[\"specmobs_burst_blaze3\"]}"
                }
            },
            {
                "condition": "entity_properties",
                "entity": "this",
                "predicate": {
                    "type": "marker",
                    "nbt": "{Tags:[\"specmobs_slfsM\"]}"
                }
            },
            {
                "condition": "entity_properties",
                "entity": "this",
                "predicate": {
                    "type": "area_effect_cloud",
                    "nbt": "{Tags:[\"specmobs_slfs0\"]}"
                }
            },
            {
                "condition": "all_of",
                "terms": [
                    {
                        "condition": "entity_properties",
                        "entity": "this",
                        "predicate": {
                            "type": "potion",
                            "nbt": "{Tags:[\"specmobs_dlfs10\"]}"
                        }
                    },
                    {
                        "condition": "inverted",
                        "term": {
                            "condition": "entity_properties",
                            "entity": "this",
                            "predicate": {
                                "type": "potion",
                                "nbt": "{Passengers:[{id:\"minecraft:area_effect_cloud\"}]}"
                            }
                        }
                    }
                ]
            },
            {
                "condition": "all_of",
                "terms": [
                    {
                        "condition": "reference",
                        "name": "specmobs:ss/nov"
                    },
                    {
                        "condition": "entity_properties",
                        "entity": "this",
                        "predicate": {
                            "type": "item_display",
                            "nbt": "{Tags:[\"specmobs_dlfs2\"]}"
                        }
                    }
                ]
            },
            {
                "condition": "all_of",
                "terms": [
                    {
                        "condition": "reference",
                        "name": "specmobs:ss/nov"
                    },
                    {
                        "condition": "entity_properties",
                        "entity": "this",
                        "predicate": {
                            "type": "item_display",
                            "nbt": "{Tags:[\"specmobs_dlM\"]}"
                        }
                    }
                ]
            }
        ]
    }
]