{
  "type": "minecraft:entity",
  "pools": [
    {
      "rolls": 1,
      "conditions": [
        {
          "condition": "entity_properties",
          "entity": "this",
          "predicate": {
            "type": "#specmobs:zombie"
          }
        },
        {
          "condition": "inverted",
          "term": {
            "condition": "minecraft:entity_scores",
            "entity": "this",
            "scores": {
              "specmobs_404": {
                "min": 0
              }
            }
          }
        }
      ],
      "entries": [
        {
          "type": "minecraft:item",
          "name": "minecraft:stone_shovel"
        },
        {
          "type": "minecraft:item",
          "name": "minecraft:iron_shovel"
        },
        {
          "type": "minecraft:item",
          "name": "minecraft:stone_sword"
        }
      ]
    },
    {
      "rolls": 1,
      "conditions": [
        {
          "condition": "entity_properties",
          "entity": "this",
          "predicate": {
            "type": "#specmobs:zombie"
          }
        },
        {
          "condition": "entity_scores",
          "entity": "this",
          "scores": {
            "specmobs_404": {
              "min": 0
            }
          }
        },
        {
          "condition": "inverted",
          "term": {
            "condition": "minecraft:entity_scores",
            "entity": "this",
            "scores": {
              "specmobs_505": {
                "min": 0
              }
            }
          }
        }
      ],
      "entries": [
        {
          "type": "item",
          "name": "iron_sword",
          "weight": 4
        },
        {
          "type": "item",
          "name": "diamond_shovel",
          "weight": 1
        }
      ]
    },
    {
      "rolls": 1,
      "conditions": [
        {
          "condition": "entity_properties",
          "entity": "this",
          "predicate": {
            "type": "#specmobs:zombie"
          }
        },
        {
          "condition": "minecraft:entity_scores",
          "entity": "this",
          "scores": {
            "specmobs_505": {
              "min": 0
            }
          }
        }
      ],
      "entries": [
        {
          "type": "item",
          "name": "stone_axe",
          "weight": 3
        },
        {
          "type": "item",
          "name": "diamond_sword",
          "weight": 1
        }
      ]
    },

    
    {
      "rolls": 1,
      "conditions": [
        {
          "condition": "entity_properties",
          "entity": "this",
          "predicate": {
            "type": "#specmobs:skeleton"
          }
        },
        {
          "condition": "inverted",
          "term": {
            "condition": "minecraft:entity_scores",
            "entity": "this",
            "scores": {
              "specmobs_404": {
                "min": 0
              }
            }
          }
        }
      ],
      "entries": [
        {
          "type": "minecraft:item",
          "name": "minecraft:wooden_sword"
        },
        {
          "type": "minecraft:item",
          "name": "minecraft:wooden_axe"
        }
      ]
    },
    {
      "rolls": 1,
      "conditions": [
        {
          "condition": "entity_properties",
          "entity": "this",
          "predicate": {
            "type": "#specmobs:skeleton"
          }
        },
        {
          "condition": "entity_scores",
          "entity": "this",
          "scores": {
            "specmobs_404": {
              "min": 0
            }
          }
        },
        {
          "condition": "inverted",
          "term": {
            "condition": "minecraft:entity_scores",
            "entity": "this",
            "scores": {
              "specmobs_505": {
                "min": 0
              }
            }
          }
        }
      ],
      "entries": [
        {
          "type": "item",
          "name": "iron_sword",
          "weight": 2
        },
        {
          "type": "item",
          "name": "stone_axe",
          "weight": 1
        },
        {
          "type": "item",
          "name": "diamond_sword",
          "weight": 1
        }
      ]
    },
    {
      "rolls": 1,
      "conditions": [
        {
          "condition": "entity_properties",
          "entity": "this",
          "predicate": {
            "type": "#specmobs:skeleton"
          }
        },
        {
          "condition": "minecraft:entity_scores",
          "entity": "this",
          "scores": {
            "specmobs_505": {
              "min": 0
            }
          }
        }
      ],
      "entries": [
        {
          "type": "item",
          "name": "iron_axe",
          "weight": 2
        },
        {
          "type": "item",
          "name": "diamond_axe",
          "weight": 1
        }
      ]
    }
  ]
}