[
  {
    "condition": "alternative",
    "terms": [
      {
        "condition": "entity_properties",
        "entity": "this",
        "predicate": {
          "nbt": "{Tags:[\"specmobs_uav\"]}"
        }
      },
      {
        "condition": "entity_properties",
        "entity": "this",
        "predicate": {
          "nbt": "{Tags:[\"specmobs_wizard\"]}"
        }
      },
      {
        "condition": "entity_properties",
        "entity": "this",
        "predicate": {
          "nbt": "{Tags:[\"specmobs_firework\"]}"
        }
      },
      {
        "condition": "entity_properties",
        "entity": "this",
        "predicate": {
          "nbt": "{Tags:[\"specmobs_thor\"]}"
        }
      },
      {
        "condition": "entity_properties",
        "entity": "this",
        "predicate": {
          "nbt": "{Tags:[\"specmobs_fang\"]}"
        }
      },
      {
        "condition": "entity_properties",
        "entity": "this",
        "predicate": {
          "type": "spider"
        }
      }
    ]
  }
]