[
  {
    "condition": "alternative",
    "terms": [
      {
        "condition": "entity_properties",
        "entity": "this",
        "predicate": {
          "nbt": "{Tags:[\"specmobs_mossy_sk\"]}"
        }
      },
      {
        "condition": "entity_properties",
        "entity": "this",
        "predicate": {
          "nbt": "{Tags:[\"specmobs_knight\"]}"
        }
      },
      {
        "condition": "entity_properties",
        "entity": "this",
        "predicate": {
          "nbt": "{Tags:[\"specmobs_mg\"]}"
        }
      },
      {
        "condition": "entity_properties",
        "entity": "this",
        "predicate": {
          "nbt": "{HandItems:[{id:\"minecraft:bow\"}]}",
          "type": "wither_skeleton"
        }
      }
    ]
  },
  {
    "condition": "entity_properties",
    "entity": "this",
    "predicate": {
      "type": "#skeletons"
    }
  }
]