[
    {
        "condition": "any_of",
        "terms": [
            {
                "condition": "entity_properties",
                "entity": "this",
                "predicate": {
                    "targeted_entity": {
                    }
                }
            }
        ]
    },
    {
        "condition": "inverted",
        "term": {
            "condition": "entity_properties",
            "entity": "this",
            "predicate": {
                "nbt": "{Tags:[\"specmobs_noai\"]}"
            }
        }
    }
]