{
  "parent": "specmobs:kill/root",
  "display": {
    "icon": {
      "item": "minecraft:stone_sword",
      "nbt": "{Damage:0}"
    },
    "title": {
      "text": "2级怪"
    },
    "description": "+10 xp",
    "announce_to_chat": false,
    "show_toast": false,
    "hidden": true
  },
  "rewards": {
    "function": "specmobs:kill/2"
  },
  "criteria": {
    "kill": {
      "trigger": "minecraft:player_killed_entity",
      "conditions": {
        "entity": [
          {
            "condition": "minecraft:entity_properties",
            "predicate": {
              "type": "#specmobs:kill/2"
            },
            "entity": "this"
          }
        ]
      }
    }
  }
}