{
  "type": "minecraft:entity",
  "pools": [
    {
      "rolls": 1,
      "entries": [
        {
          "type": "minecraft:item",
          "functions": [
            {
              "function": "minecraft:set_count",
              "count": 1
            },
            {
              "function": "enchant_with_levels",
              "levels": 24,
              "treasure": true,
              "conditions": [
                {
                  "condition": "inverted",
                  "term": {
                    "condition": "entity_properties",
                    "entity": "this",
                    "predicate": {
                      "nbt": "{Tags:[\"specmobs_plus\"]}"
                    }
                  }
                }
              ]
            },
            {
              "function": "enchant_with_levels",
              "levels": 30,
              "treasure": true,
              "conditions": [
                {
                  "condition": "entity_properties",
                  "entity": "this",
                  "predicate": {
                    "nbt": "{Tags:[\"specmobs_plus\"]}"
                  }
                }
              ]
            }
          ],
          "name": "minecraft:book",
          "conditions": [
            {
              "condition": "killed_by_player",
              "inverse": true
            },
            {
              "condition": "random_chance",
              "chance": 0.5
            }
          ]
        }
      ]
    }
  ]
}