{
    "type": "minecraft:entity",
    "pools": [
        {
            "rolls": 1,
            "entries": [
                {
                    "type": "minecraft:loot_table",
                    "name": "minecraft:entities/zombie",
                    "conditions": [
                        {
                            "condition": "entity_properties",
                            "entity": "this",
                            "predicate": {
                                "type": "#specmobs:zombie"
                            }
                        }
                    ]
                },
                {
                    "type": "minecraft:loot_table",
                    "name": "minecraft:entities/skeleton",
                    "conditions": [
                        {
                            "condition": "entity_properties",
                            "entity": "this",
                            "predicate": {
                                "type": "minecraft:skeleton"
                            }
                        }
                    ]
                },
                {
                    "type": "minecraft:loot_table",
                    "name": "minecraft:entities/stray",
                    "conditions": [
                        {
                            "condition": "entity_properties",
                            "entity": "this",
                            "predicate": {
                                "type": "minecraft:stray"
                            }
                        }
                    ]
                }
            ]
        },
        {
            "rolls": 1,
            "entries": [
                {
                    "type": "minecraft:item",
                    "functions": [
                        {
                            "function": "minecraft:set_count",
                            "count": {
                                "min": 1.0,
                                "max": 2.0,
                                "type": "minecraft:uniform"
                            }
                        },
                        {
                            "function": "minecraft:looting_enchant",
                            "count": {
                                "min": 0.0,
                                "max": 1.0
                            }
                        },
                        {

                            "function": "set_nbt",
                            "tag": "{display:{Name:'{\"translate\":\"item.minecraft.silverfish_spawn_egg\",\"italic\": false,\"color\":\"red\"}',Lore:['{\"translate\":\"effect.minecraft.strength\",\"italic\":false,\"color\":\"blue\"}']},EntityTag:{id:\"minecraft:silverfish\",CustomName:\"\",Health:12f,Attributes:[{Name:\"minecraft:generic.movement_speed\",Base:0.3d},{Name:\"minecraft:generic.max_health\",Base:12d},{Name:\"minecraft:generic.attack_damage\",Base:2d},{Name:\"minecraft:generic.knockback_resistance\",Base:0.4d}],active_effects:[{id:\"minecraft:strength\",duration:1,hidden_effect:{id:\"minecraft:strength\",duration:999999999,amplifier:0b}}]}}"
                        }
                    ], 
                    "name": "minecraft:silverfish_spawn_egg"
                }
            ]
        },
        {
            "rolls": 1,
            "entries": [
                {
                    "type": "minecraft:item",
                    "functions": [
                        {
                            "function": "minecraft:set_count",
                            "count": 1
                        },
                        {
                            "function": "set_nbt",
                            "tag": "{specmobs_silverfish:1b}"
                        }
                    ],
                    "name": "minecraft:wooden_sword"
                }
            ]
        },
        {
            "rolls": 1,
            "entries": [
                {
                    "type": "minecraft:item",
                    "functions": [
                        {
                            "function": "minecraft:set_count",
                            "count": 1
                        },
                        {
                            "function": "set_nbt",
                            "tag": "{specmobs_silverfish:1b}"
                        }
                    ],
                    "conditions": [
                        {
                            "condition": "entity_properties",
                            "entity": "this",
                            "predicate": {
                                "nbt": "{Tags:[\"specmobs_plus\"]}"
                            }
                        }
                    ],
                    "name": "minecraft:wooden_sword"
                }
            ]
        },
        {
          "rolls": 1,
          "entries": [
            {
              "type": "loot_table",
              "name": "specmobs:ss/xp"
            }
          ]
        }
    ]
}