[
    {
        "condition": "entity_properties",
        "entity": "this",
        "predicate": {
            "type": "#specmobs:js_kl",
            "nbt": "{Health:20.0f}",
            "equipment": {
                "head": {
                    "items": [
                        "air",
                        "leather_helmet",
                        "golden_helmet",
                        "chainmail_helmet",
                        "iron_helmet",
                        "diamond_helmet"
                    ]
                },
                "chest": {
                    "items": [
                        "air",
                        "leather_chestplate",
                        "golden_chestplate",
                        "chainmail_chestplate",
                        "iron_chestplate",
                        "diamond_chestplate"
                    ]
                },
                "legs": {
                    "items": [
                        "air",
                        "leather_leggings",
                        "golden_leggings",
                        "chainmail_leggings",
                        "iron_leggings",
                        "diamond_leggings"
                    ]
                },
                "feet": {
                    "items": [
                        "air",
                        "leather_boots",
                        "golden_boots",
                        "chainmail_boots",
                        "iron_boots",
                        "diamond_boots"
                    ]
                },
                "mainhand": {
                    "items": [
                        "air",
                        "iron_sword",
                        "iron_shovel",
                        "bow"
                    ]
                }
            }
        }
    },
    {
        "condition": "inverted",
        "term": {
            "condition": "alternative",
            "terms": [
                {
                    "condition": "entity_properties",
                    "entity": "this",
                    "predicate": {
                        "type": "wither_skeleton"
                    }
                },
                {
                    "condition": "entity_properties",
                    "entity": "this",
                    "predicate": {
                        "type": "zombie_villager"
                    }
                }
            ]
        }
    }
]